aa923,0000-0002-6835-9373
ab737,0000-0001-6642-8665
ac2364,0000-0001-8757-4346
ad877,0000-0002-0459-9327
afw47,0000-0001-5025-6280
ajc5,0000-0001-5145-772X
aka72,0000-0002-9811-182X
alc28,0000-0003-2204-3522
ald52,0000-0002-4945-9205
alh294,0000-0002-3269-8365
als485,0000-0003-0837-8924
anr37,0000-0002-8598-9705
ap776,0000-0002-6425-606X
aps268,0000-0003-3384-4990
ar2254,0000-0002-2761-6329
as2895,0000-0001-6273-8084
asp247,0000-0002-5700-9204
asw248,0000-0001-5240-6166
atz2,0000-0002-2287-5356
bdc68,0000-0003-2164-350X
bed54,0000-0001-6314-8027
bjb57,0000-0003-2770-0456
bk88,0000-0002-7479-9738
bvl1,0000-0002-1272-372X
bwa32,0000-0002-0392-2997
ca92,0000-0002-2430-2148
caa238,0000-0003-2654-018X
cel72,0000-0003-1605-1323
ch732,0000-0002-2123-2228
cjh275,0000-0002-0712-6533
cjm267,0000-0002-2888-7358
cjp98,0000-0002-1458-7688
clc248,0000-0002-2290-1868
crs345,0000-0003-1047-320X
cs385,0000-0002-7800-9596
ct564,0000-0001-5846-7269
ctp49,0000-0002-3835-7115
dbs10,0000-0003-3882-901X
dd388,0000-0002-0009-8736
des14,0000-0003-0920-4635
dgm224,0000-0003-1987-9417
dh484,0000-0002-6076-7858
dms543,0000-0003-3772-171X
drb327,0000-0001-5522-8393
ds264,0000-0002-8711-7206
dsb253,0000-0002-8733-5799
dw36,0000-0002-2884-0058
dwf49,0000-0002-7921-812X
egs1,0000-0002-3432-093X
eld26,0000-0001-8165-9568
ema86,0000-0001-8185-0805
emf4,0000-0002-8608-3964
emg92,0000-0002-1584-2134
emj73,0000-0002-3068-3143
eml244,0000-0001-9195-5061
erb29,0000-0001-5846-4041
fmm1,0000-0002-6302-5438
fvg3,0000-0002-5510-6799
fy86,0000-0001-9609-4299
gh384,0000-0002-0404-6159
gkg1,0000-0002-6324-9132
gmp32,0000-0003-2131-8950
gp249,0000-0001-9615-8440
gss1,0000-0002-2441-1651
hch54,0000-0003-1486-6262
hh596,0000-0001-9598-9031
hqt2,0000-0002-8137-2839
hrw47,0000-0003-2157-7434
ilb8,0000-0002-2250-3480
jcf247,0000-0001-9256-4265
jdd10,0000-0002-8238-4196
jdn56,0000-0001-7686-1526
je277,0000-0002-2441-1651
jew248,0000-0003-0025-6391
jgm19,0000-0002-2619-5614
jgs5,0000-0003-0765-1896
jh2456,0000-0003-0348-4111
jh48,0000-0002-2160-6330
jhp1,0000-0001-6706-5616
jjw269,0000-0002-6213-4093
jl2792,0000-0003-4335-8611
jmg26,0000-0002-3644-0732
jml536,0000-0001-5095-5081
jmp36,0000-0003-2027-4896
jpa75,0000-0002-0108-8898
jpc27,0000-0002-3237-6809
jpk15,0000-0001-5147-5565
jrd294,0000-0002-2805-6407
jsg325,0000-0002-7423-4729
jtb47,0000-0002-9309-6296
jwg239,0000-0003-2969-0861
jyh13,0000-0002-9229-1663
kl734,0000-0001-9147-6378
klc78,0000-0002-8943-0693
klp92,0000-0002-3355-3571
kns32,0000-0002-6921-6833
ks899,0000-0002-3189-2318
kt18,0000-0001-8892-8177
ktb4,0000-0002-7949-9865
kth1,0000-0003-2784-8637
kwg37,0000-0002-8777-402X
kwk57,0000-0003-4238-9731
lad9,0000-0001-7062-7333
lae37,0000-0002-7658-1265
lc246,0000-0002-1792-9479
ljl2,0000-0003-4770-1712
ljv4,0000-0001-5163-4132
ljv9,0000-0001-8271-4741
lm628,0000-0003-3639-6740
lmb367,0000-0003-3020-5616
lmh13,0000-0002-5005-0394
lmk7,0000-0002-2449-1073
ls258,0000-0003-4026-322X
lsk24,0000-0002-6142-9092
lt287,0000-0002-3492-7766
mab595,0000-0002-9549-6226
mag22,0000-0003-4069-2761
mao4,0000-0002-6514-3913
mas245,0000-0002-2973-3107
maw6,0000-0002-8324-4726
mcv3,0000-0001-6637-9808
md782,0000-0002-7594-532X
met228,0000-0003-2596-559X
mk2327,0000-0002-5028-5695
mk2427,0000-0002-7093-5368
mm2474,0000-0003-1070-4821
mm342,0000-0002-1319-6925
mn469,0000-0002-6436-3877
moe1,0000-0001-7161-2619
mot1,0000-0002-4933-009X
ms3367,0000-0003-2552-3361
ms3376,0000-0002-9829-171X
mt455,0000-0001-6303-2251
nk469,0000-0003-1570-3350
nmt2,0000-0003-3538-326X
nss3,0000-0002-6241-8213
nt243,0000-0002-4764-3033
ntc24,0000-0003-1521-1006
os76,0000-0003-0115-4864
pbh6,0000-0003-3382-5554
pbw1,0000-0003-3954-7639
pj248,0000-0002-2852-5285
pqc1,0000-0002-0468-6420
rab38,0000-0001-6661-2745
rbv2,0000-0002-6166-5650
rdk2,0000-0002-8306-3407
rgd6,0000-0003-2867-5731
rh496,0000-0003-1868-9742
rjp279,0000-0002-5492-5362
rms449,0000-0002-7907-260X
rrs238,0000-0003-2316-6719
rv22,0000-0003-3598-0283
rwa1,0000-0001-8958-6113
sac29,0000-0002-5404-4733
sbp2,0000-0001-5629-0420
sda4,0000-0002-1597-7864
sdp6,0000-0002-8326-302X
sf433,0000-0003-3427-5769
sgh9,0000-0003-1004-4034
sjb344,0000-0002-0388-5217
sjc9,0000-0002-2835-9707
sjj54,0000-0002-4426-1320
sjp277,0000-0003-3864-4293
sjr4,0000-0002-9000-6013
sjs437,0000-0002-7039-9163
sn18,0000-0002-5968-9960
snm59,0000-0003-4939-7670
sp35,0000-0002-8829-6752
spf68,0000-0002-4757-8315
ss2489,0000-0002-1160-1413
svp32,0000-0003-4023-0364
sw272,0000-0002-7970-7855
swr1,0000-0001-5707-8763
sy493,0000-0002-8301-5106
sz393,0000-0003-3756-3678
tag227,0000-0001-9979-5066
teh84,0000-0002-2900-7308
tj238,0000-0003-2235-7820
tmr84,0000-0001-9050-2327
vg55,0000-0003-0901-4612
wlb62,0000-0001-7811-4153
wld28,0000-0001-5558-286X
wmh6,0000-0002-0595-7827
xl628,0000-0002-9968-6545
xw54,0000-0002-7594-5004
xw57,0000-0003-1790-4084
yh589,0000-0002-8885-4961
ys665,0000-0002-8499-5425
ys763,0000-0001-6413-4671
